file_path_absolute,file_path_relative_to_content_root,material_x_value,material_formula,potential_property_type,file_name
C:\Users\E1009134\OneDrive - ams OSRAM\Portfolio_ San\Cs2NaTlBr6-xClx\data\raw\HBD_Mixed_anions\Cs2NaTlCl6\BAND\BAND.dat,Cs2NaTlCl6\BAND\BAND.dat,6,Cs2NaTlCl6,BAND,BAND.dat
C:\Users\E1009134\OneDrive - ams OSRAM\Portfolio_ San\Cs2NaTlBr6-xClx\data\raw\HBD_Mixed_anions\Cs2NaTlCl6\BAND\BAND_GAP,Cs2NaTlCl6\BAND\BAND_GAP,6,Cs2NaTlCl6,BAND,BAND_GAP
C:\Users\E1009134\OneDrive - ams OSRAM\Portfolio_ San\Cs2NaTlBr6-xClx\data\raw\HBD_Mixed_anions\Cs2NaTlCl6\BAND\HIGH_SYMMETRY_POINTS,Cs2NaTlCl6\BAND\HIGH_SYMMETRY_POINTS,6,Cs2NaTlCl6,BAND,HIGH_SYMMETRY_POINTS
C:\Users\E1009134\OneDrive - ams OSRAM\Portfolio_ San\Cs2NaTlBr6-xClx\data\raw\HBD_Mixed_anions\Cs2NaTlCl6\BAND\KLABELS,Cs2NaTlCl6\BAND\KLABELS,6,Cs2NaTlCl6,BAND,KLABELS
C:\Users\E1009134\OneDrive - ams OSRAM\Portfolio_ San\Cs2NaTlBr6-xClx\data\raw\HBD_Mixed_anions\Cs2NaTlCl6\BAND\KLINES.dat,Cs2NaTlCl6\BAND\KLINES.dat,6,Cs2NaTlCl6,BAND,KLINES.dat
C:\Users\E1009134\OneDrive - ams OSRAM\Portfolio_ San\Cs2NaTlBr6-xClx\data\raw\HBD_Mixed_anions\Cs2NaTlCl6\BAND\KPATH.in,Cs2NaTlCl6\BAND\KPATH.in,6,Cs2NaTlCl6,BAND,KPATH.in
C:\Users\E1009134\OneDrive - ams OSRAM\Portfolio_ San\Cs2NaTlBr6-xClx\data\raw\HBD_Mixed_anions\Cs2NaTlCl6\BAND\PDOS_USER.dat,Cs2NaTlCl6\BAND\PDOS_USER.dat,6,Cs2NaTlCl6,BAND,PDOS_USER.dat
C:\Users\E1009134\OneDrive - ams OSRAM\Portfolio_ San\Cs2NaTlBr6-xClx\data\raw\HBD_Mixed_anions\Cs2NaTlCl6\BAND\REFORMATTED_BAND.dat,Cs2NaTlCl6\BAND\REFORMATTED_BAND.dat,6,Cs2NaTlCl6,BAND,REFORMATTED_BAND.dat
C:\Users\E1009134\OneDrive - ams OSRAM\Portfolio_ San\Cs2NaTlBr6-xClx\data\raw\HBD_Mixed_anions\Cs2NaTlCl6\DOS\OUTCAR,Cs2NaTlCl6\DOS\OUTCAR,6,Cs2NaTlCl6,DOS,OUTCAR
C:\Users\E1009134\OneDrive - ams OSRAM\Portfolio_ San\Cs2NaTlBr6-xClx\data\raw\HBD_Mixed_anions\Cs2NaTlCl6\DOS\PDOS_USER1.dat,Cs2NaTlCl6\DOS\PDOS_USER1.dat,6,Cs2NaTlCl6,DOS,PDOS_USER1.dat
C:\Users\E1009134\OneDrive - ams OSRAM\Portfolio_ San\Cs2NaTlBr6-xClx\data\raw\HBD_Mixed_anions\Cs2NaTlCl6\DOS\PDOS_USER2.dat,Cs2NaTlCl6\DOS\PDOS_USER2.dat,6,Cs2NaTlCl6,DOS,PDOS_USER2.dat
C:\Users\E1009134\OneDrive - ams OSRAM\Portfolio_ San\Cs2NaTlBr6-xClx\data\raw\HBD_Mixed_anions\Cs2NaTlCl6\DOS\PDOS_USER3.dat,Cs2NaTlCl6\DOS\PDOS_USER3.dat,6,Cs2NaTlCl6,DOS,PDOS_USER3.dat
C:\Users\E1009134\OneDrive - ams OSRAM\Portfolio_ San\Cs2NaTlBr6-xClx\data\raw\HBD_Mixed_anions\Cs2NaTlCl6\DOS\PDOS_USER4.dat,Cs2NaTlCl6\DOS\PDOS_USER4.dat,6,Cs2NaTlCl6,DOS,PDOS_USER4.dat
C:\Users\E1009134\OneDrive - ams OSRAM\Portfolio_ San\Cs2NaTlBr6-xClx\data\raw\HBD_Mixed_anions\Cs2NaTlCl6\DOS\PDOS_USER5.dat,Cs2NaTlCl6\DOS\PDOS_USER5.dat,6,Cs2NaTlCl6,DOS,PDOS_USER5.dat
C:\Users\E1009134\OneDrive - ams OSRAM\Portfolio_ San\Cs2NaTlBr6-xClx\data\raw\HBD_Mixed_anions\Cs2NaTlCl6\DOS\tdos.dat,Cs2NaTlCl6\DOS\tdos.dat,6,Cs2NaTlCl6,DOS,tdos.dat
C:\Users\E1009134\OneDrive - ams OSRAM\Portfolio_ San\Cs2NaTlBr6-xClx\data\raw\HBD_Mixed_anions\Cs2NaTlCl6\eff_M\VPKIT.in,Cs2NaTlCl6\eff_M\VPKIT.in,6,Cs2NaTlCl6,EFF_M,VPKIT.in
C:\Users\E1009134\OneDrive - ams OSRAM\Portfolio_ San\Cs2NaTlBr6-xClx\data\raw\HBD_Mixed_anions\Cs2NaTlCl6\Elastic\elastic_info,Cs2NaTlCl6\Elastic\elastic_info,6,Cs2NaTlCl6,ELASTIC,elastic_info
C:\Users\E1009134\OneDrive - ams OSRAM\Portfolio_ San\Cs2NaTlBr6-xClx\data\raw\HBD_Mixed_anions\Cs2NaTlCl6\HSE\BAND.dat,Cs2NaTlCl6\HSE\BAND.dat,6,Cs2NaTlCl6,HSE,BAND.dat
C:\Users\E1009134\OneDrive - ams OSRAM\Portfolio_ San\Cs2NaTlBr6-xClx\data\raw\HBD_Mixed_anions\Cs2NaTlCl6\HSE\BAND_GAP,Cs2NaTlCl6\HSE\BAND_GAP,6,Cs2NaTlCl6,HSE,BAND_GAP
C:\Users\E1009134\OneDrive - ams OSRAM\Portfolio_ San\Cs2NaTlBr6-xClx\data\raw\HBD_Mixed_anions\Cs2NaTlCl6\HSE\HIGH_SYMMETRY_POINTS,Cs2NaTlCl6\HSE\HIGH_SYMMETRY_POINTS,6,Cs2NaTlCl6,HSE,HIGH_SYMMETRY_POINTS
C:\Users\E1009134\OneDrive - ams OSRAM\Portfolio_ San\Cs2NaTlBr6-xClx\data\raw\HBD_Mixed_anions\Cs2NaTlCl6\HSE\KLABELS,Cs2NaTlCl6\HSE\KLABELS,6,Cs2NaTlCl6,HSE,KLABELS
C:\Users\E1009134\OneDrive - ams OSRAM\Portfolio_ San\Cs2NaTlBr6-xClx\data\raw\HBD_Mixed_anions\Cs2NaTlCl6\HSE\KLINES.dat,Cs2NaTlCl6\HSE\KLINES.dat,6,Cs2NaTlCl6,HSE,KLINES.dat
C:\Users\E1009134\OneDrive - ams OSRAM\Portfolio_ San\Cs2NaTlBr6-xClx\data\raw\HBD_Mixed_anions\Cs2NaTlCl6\HSE\KPATH.in,Cs2NaTlCl6\HSE\KPATH.in,6,Cs2NaTlCl6,HSE,KPATH.in
C:\Users\E1009134\OneDrive - ams OSRAM\Portfolio_ San\Cs2NaTlBr6-xClx\data\raw\HBD_Mixed_anions\Cs2NaTlCl6\HSE\REFORMATTED_BAND.dat,Cs2NaTlCl6\HSE\REFORMATTED_BAND.dat,6,Cs2NaTlCl6,HSE,REFORMATTED_BAND.dat
C:\Users\E1009134\OneDrive - ams OSRAM\Portfolio_ San\Cs2NaTlBr6-xClx\data\raw\HBD_Mixed_anions\Cs2NaTlCl6\HSE\TDOS_EIG.dat,Cs2NaTlCl6\HSE\TDOS_EIG.dat,6,Cs2NaTlCl6,HSE,TDOS_EIG.dat
C:\Users\E1009134\OneDrive - ams OSRAM\Portfolio_ San\Cs2NaTlBr6-xClx\data\raw\HBD_Mixed_anions\Cs2NaTlCl6\OPTIC\ABSORPTION.dat,Cs2NaTlCl6\OPTIC\ABSORPTION.dat,6,Cs2NaTlCl6,OPTIC,ABSORPTION.dat
C:\Users\E1009134\OneDrive - ams OSRAM\Portfolio_ San\Cs2NaTlBr6-xClx\data\raw\HBD_Mixed_anions\Cs2NaTlCl6\OPTIC\ENERGY_LOSSSPECTRUM.dat,Cs2NaTlCl6\OPTIC\ENERGY_LOSSSPECTRUM.dat,6,Cs2NaTlCl6,OPTIC,ENERGY_LOSSSPECTRUM.dat
C:\Users\E1009134\OneDrive - ams OSRAM\Portfolio_ San\Cs2NaTlBr6-xClx\data\raw\HBD_Mixed_anions\Cs2NaTlCl6\OPTIC\EXTINCTION.dat,Cs2NaTlCl6\OPTIC\EXTINCTION.dat,6,Cs2NaTlCl6,OPTIC,EXTINCTION.dat
C:\Users\E1009134\OneDrive - ams OSRAM\Portfolio_ San\Cs2NaTlBr6-xClx\data\raw\HBD_Mixed_anions\Cs2NaTlCl6\OPTIC\IMAG.in,Cs2NaTlCl6\OPTIC\IMAG.in,6,Cs2NaTlCl6,OPTIC,IMAG.in
C:\Users\E1009134\OneDrive - ams OSRAM\Portfolio_ San\Cs2NaTlBr6-xClx\data\raw\HBD_Mixed_anions\Cs2NaTlCl6\OPTIC\IMAG_PHS.dat,Cs2NaTlCl6\OPTIC\IMAG_PHS.dat,6,Cs2NaTlCl6,OPTIC,IMAG_PHS.dat
C:\Users\E1009134\OneDrive - ams OSRAM\Portfolio_ San\Cs2NaTlBr6-xClx\data\raw\HBD_Mixed_anions\Cs2NaTlCl6\OPTIC\real.in,Cs2NaTlCl6\OPTIC\real.in,6,Cs2NaTlCl6,OPTIC,real.in
C:\Users\E1009134\OneDrive - ams OSRAM\Portfolio_ San\Cs2NaTlBr6-xClx\data\raw\HBD_Mixed_anions\Cs2NaTlCl6\OPTIC\real_PHS.dat,Cs2NaTlCl6\OPTIC\real_PHS.dat,6,Cs2NaTlCl6,OPTIC,real_PHS.dat
C:\Users\E1009134\OneDrive - ams OSRAM\Portfolio_ San\Cs2NaTlBr6-xClx\data\raw\HBD_Mixed_anions\Cs2NaTlCl6\OPTIC\REFLECTIVITY.dat,Cs2NaTlCl6\OPTIC\REFLECTIVITY.dat,6,Cs2NaTlCl6,OPTIC,REFLECTIVITY.dat
C:\Users\E1009134\OneDrive - ams OSRAM\Portfolio_ San\Cs2NaTlBr6-xClx\data\raw\HBD_Mixed_anions\Cs2NaTlCl6\OPTIC\REFRACTIVE.dat,Cs2NaTlCl6\OPTIC\REFRACTIVE.dat,6,Cs2NaTlCl6,OPTIC,REFRACTIVE.dat
C:\Users\E1009134\OneDrive - ams OSRAM\Portfolio_ San\Cs2NaTlBr6-xClx\data\raw\HBD_Mixed_anions\Cs2NaTlCl6\STR\ENERGY_VOLUME_DFT.dat,Cs2NaTlCl6\STR\ENERGY_VOLUME_DFT.dat,6,Cs2NaTlCl6,STR,ENERGY_VOLUME_DFT.dat
C:\Users\E1009134\OneDrive - ams OSRAM\Portfolio_ San\Cs2NaTlBr6-xClx\data\raw\HBD_Mixed_anions\Cs2NaTlCl6\STR\PRESSURE_VOLUME_DFT.dat,Cs2NaTlCl6\STR\PRESSURE_VOLUME_DFT.dat,6,Cs2NaTlCl6,STR,PRESSURE_VOLUME_DFT.dat
C:\Users\E1009134\OneDrive - ams OSRAM\Portfolio_ San\Cs2NaTlBr6-xClx\data\raw\HBD_Mixed_anions\Cs2NaTlCl6\STR\VPKIT.in,Cs2NaTlCl6\STR\VPKIT.in,6,Cs2NaTlCl6,STR,VPKIT.in
C:\Users\E1009134\OneDrive - ams OSRAM\Portfolio_ San\Cs2NaTlBr6-xClx\data\raw\HBD_Mixed_anions\Cs2NaTlCl6\STRUC\VPKIT.in,Cs2NaTlCl6\STRUC\VPKIT.in,6,Cs2NaTlCl6,STRUC,VPKIT.in
C:\Users\E1009134\OneDrive - ams OSRAM\Portfolio_ San\Cs2NaTlBr6-xClx\data\raw\HBD_Mixed_anions\Cs2NaTlBr6\BAND\BAND.dat,Cs2NaTlBr6\BAND\BAND.dat,0,Cs2NaTlBr6,BAND,BAND.dat
C:\Users\E1009134\OneDrive - ams OSRAM\Portfolio_ San\Cs2NaTlBr6-xClx\data\raw\HBD_Mixed_anions\Cs2NaTlBr6\BAND\BAND_GAP,Cs2NaTlBr6\BAND\BAND_GAP,0,Cs2NaTlBr6,BAND,BAND_GAP
C:\Users\E1009134\OneDrive - ams OSRAM\Portfolio_ San\Cs2NaTlBr6-xClx\data\raw\HBD_Mixed_anions\Cs2NaTlBr6\BAND\HIGH_SYMMETRY_POINTS,Cs2NaTlBr6\BAND\HIGH_SYMMETRY_POINTS,0,Cs2NaTlBr6,BAND,HIGH_SYMMETRY_POINTS
C:\Users\E1009134\OneDrive - ams OSRAM\Portfolio_ San\Cs2NaTlBr6-xClx\data\raw\HBD_Mixed_anions\Cs2NaTlBr6\BAND\KLABELS,Cs2NaTlBr6\BAND\KLABELS,0,Cs2NaTlBr6,BAND,KLABELS
C:\Users\E1009134\OneDrive - ams OSRAM\Portfolio_ San\Cs2NaTlBr6-xClx\data\raw\HBD_Mixed_anions\Cs2NaTlBr6\BAND\KLINES.dat,Cs2NaTlBr6\BAND\KLINES.dat,0,Cs2NaTlBr6,BAND,KLINES.dat
C:\Users\E1009134\OneDrive - ams OSRAM\Portfolio_ San\Cs2NaTlBr6-xClx\data\raw\HBD_Mixed_anions\Cs2NaTlBr6\BAND\KPATH.in,Cs2NaTlBr6\BAND\KPATH.in,0,Cs2NaTlBr6,BAND,KPATH.in
C:\Users\E1009134\OneDrive - ams OSRAM\Portfolio_ San\Cs2NaTlBr6-xClx\data\raw\HBD_Mixed_anions\Cs2NaTlBr6\BAND\REFORMATTED_BAND.dat,Cs2NaTlBr6\BAND\REFORMATTED_BAND.dat,0,Cs2NaTlBr6,BAND,REFORMATTED_BAND.dat
C:\Users\E1009134\OneDrive - ams OSRAM\Portfolio_ San\Cs2NaTlBr6-xClx\data\raw\HBD_Mixed_anions\Cs2NaTlBr6\DOS\Itdos.dat,Cs2NaTlBr6\DOS\Itdos.dat,0,Cs2NaTlBr6,DOS,Itdos.dat
C:\Users\E1009134\OneDrive - ams OSRAM\Portfolio_ San\Cs2NaTlBr6-xClx\data\raw\HBD_Mixed_anions\Cs2NaTlBr6\DOS\PDOS_USER1.dat,Cs2NaTlBr6\DOS\PDOS_USER1.dat,0,Cs2NaTlBr6,DOS,PDOS_USER1.dat
C:\Users\E1009134\OneDrive - ams OSRAM\Portfolio_ San\Cs2NaTlBr6-xClx\data\raw\HBD_Mixed_anions\Cs2NaTlBr6\DOS\PDOS_USER2.dat,Cs2NaTlBr6\DOS\PDOS_USER2.dat,0,Cs2NaTlBr6,DOS,PDOS_USER2.dat
C:\Users\E1009134\OneDrive - ams OSRAM\Portfolio_ San\Cs2NaTlBr6-xClx\data\raw\HBD_Mixed_anions\Cs2NaTlBr6\DOS\PDOS_USER3.dat,Cs2NaTlBr6\DOS\PDOS_USER3.dat,0,Cs2NaTlBr6,DOS,PDOS_USER3.dat
C:\Users\E1009134\OneDrive - ams OSRAM\Portfolio_ San\Cs2NaTlBr6-xClx\data\raw\HBD_Mixed_anions\Cs2NaTlBr6\DOS\PDOS_USER4.dat,Cs2NaTlBr6\DOS\PDOS_USER4.dat,0,Cs2NaTlBr6,DOS,PDOS_USER4.dat
C:\Users\E1009134\OneDrive - ams OSRAM\Portfolio_ San\Cs2NaTlBr6-xClx\data\raw\HBD_Mixed_anions\Cs2NaTlBr6\DOS\PDOS_USER5.dat,Cs2NaTlBr6\DOS\PDOS_USER5.dat,0,Cs2NaTlBr6,DOS,PDOS_USER5.dat
C:\Users\E1009134\OneDrive - ams OSRAM\Portfolio_ San\Cs2NaTlBr6-xClx\data\raw\HBD_Mixed_anions\Cs2NaTlBr6\DOS\tdos.dat,Cs2NaTlBr6\DOS\tdos.dat,0,Cs2NaTlBr6,DOS,tdos.dat
C:\Users\E1009134\OneDrive - ams OSRAM\Portfolio_ San\Cs2NaTlBr6-xClx\data\raw\HBD_Mixed_anions\Cs2NaTlBr6\Eff_Mass\VPKIT.in,Cs2NaTlBr6\Eff_Mass\VPKIT.in,0,Cs2NaTlBr6,EFF_MASS,VPKIT.in
C:\Users\E1009134\OneDrive - ams OSRAM\Portfolio_ San\Cs2NaTlBr6-xClx\data\raw\HBD_Mixed_anions\Cs2NaTlBr6\Elastic\Elastic_info,Cs2NaTlBr6\Elastic\Elastic_info,0,Cs2NaTlBr6,ELASTIC,Elastic_info
C:\Users\E1009134\OneDrive - ams OSRAM\Portfolio_ San\Cs2NaTlBr6-xClx\data\raw\HBD_Mixed_anions\Cs2NaTlBr6\HSE\BAND.dat,Cs2NaTlBr6\HSE\BAND.dat,0,Cs2NaTlBr6,HSE,BAND.dat
C:\Users\E1009134\OneDrive - ams OSRAM\Portfolio_ San\Cs2NaTlBr6-xClx\data\raw\HBD_Mixed_anions\Cs2NaTlBr6\HSE\BAND_GAP,Cs2NaTlBr6\HSE\BAND_GAP,0,Cs2NaTlBr6,HSE,BAND_GAP
C:\Users\E1009134\OneDrive - ams OSRAM\Portfolio_ San\Cs2NaTlBr6-xClx\data\raw\HBD_Mixed_anions\Cs2NaTlBr6\HSE\HIGH_SYMMETRY_POINTS,Cs2NaTlBr6\HSE\HIGH_SYMMETRY_POINTS,0,Cs2NaTlBr6,HSE,HIGH_SYMMETRY_POINTS
C:\Users\E1009134\OneDrive - ams OSRAM\Portfolio_ San\Cs2NaTlBr6-xClx\data\raw\HBD_Mixed_anions\Cs2NaTlBr6\HSE\KLABELS,Cs2NaTlBr6\HSE\KLABELS,0,Cs2NaTlBr6,HSE,KLABELS
C:\Users\E1009134\OneDrive - ams OSRAM\Portfolio_ San\Cs2NaTlBr6-xClx\data\raw\HBD_Mixed_anions\Cs2NaTlBr6\HSE\KLINES.dat,Cs2NaTlBr6\HSE\KLINES.dat,0,Cs2NaTlBr6,HSE,KLINES.dat
C:\Users\E1009134\OneDrive - ams OSRAM\Portfolio_ San\Cs2NaTlBr6-xClx\data\raw\HBD_Mixed_anions\Cs2NaTlBr6\HSE\KPATH.in,Cs2NaTlBr6\HSE\KPATH.in,0,Cs2NaTlBr6,HSE,KPATH.in
C:\Users\E1009134\OneDrive - ams OSRAM\Portfolio_ San\Cs2NaTlBr6-xClx\data\raw\HBD_Mixed_anions\Cs2NaTlBr6\HSE\REFORMATTED_BAND.dat,Cs2NaTlBr6\HSE\REFORMATTED_BAND.dat,0,Cs2NaTlBr6,HSE,REFORMATTED_BAND.dat
C:\Users\E1009134\OneDrive - ams OSRAM\Portfolio_ San\Cs2NaTlBr6-xClx\data\raw\HBD_Mixed_anions\Cs2NaTlBr6\OPTIC\ABSORPTION.dat,Cs2NaTlBr6\OPTIC\ABSORPTION.dat,0,Cs2NaTlBr6,OPTIC,ABSORPTION.dat
C:\Users\E1009134\OneDrive - ams OSRAM\Portfolio_ San\Cs2NaTlBr6-xClx\data\raw\HBD_Mixed_anions\Cs2NaTlBr6\OPTIC\ENERGY_LOSSSPECTRUM.dat,Cs2NaTlBr6\OPTIC\ENERGY_LOSSSPECTRUM.dat,0,Cs2NaTlBr6,OPTIC,ENERGY_LOSSSPECTRUM.dat
C:\Users\E1009134\OneDrive - ams OSRAM\Portfolio_ San\Cs2NaTlBr6-xClx\data\raw\HBD_Mixed_anions\Cs2NaTlBr6\OPTIC\EXTINCTION.dat,Cs2NaTlBr6\OPTIC\EXTINCTION.dat,0,Cs2NaTlBr6,OPTIC,EXTINCTION.dat
C:\Users\E1009134\OneDrive - ams OSRAM\Portfolio_ San\Cs2NaTlBr6-xClx\data\raw\HBD_Mixed_anions\Cs2NaTlBr6\OPTIC\IMAG.in,Cs2NaTlBr6\OPTIC\IMAG.in,0,Cs2NaTlBr6,OPTIC,IMAG.in
C:\Users\E1009134\OneDrive - ams OSRAM\Portfolio_ San\Cs2NaTlBr6-xClx\data\raw\HBD_Mixed_anions\Cs2NaTlBr6\OPTIC\IMAG_PHS.dat,Cs2NaTlBr6\OPTIC\IMAG_PHS.dat,0,Cs2NaTlBr6,OPTIC,IMAG_PHS.dat
C:\Users\E1009134\OneDrive - ams OSRAM\Portfolio_ San\Cs2NaTlBr6-xClx\data\raw\HBD_Mixed_anions\Cs2NaTlBr6\OPTIC\real.in,Cs2NaTlBr6\OPTIC\real.in,0,Cs2NaTlBr6,OPTIC,real.in
C:\Users\E1009134\OneDrive - ams OSRAM\Portfolio_ San\Cs2NaTlBr6-xClx\data\raw\HBD_Mixed_anions\Cs2NaTlBr6\OPTIC\real_PHS.dat,Cs2NaTlBr6\OPTIC\real_PHS.dat,0,Cs2NaTlBr6,OPTIC,real_PHS.dat
C:\Users\E1009134\OneDrive - ams OSRAM\Portfolio_ San\Cs2NaTlBr6-xClx\data\raw\HBD_Mixed_anions\Cs2NaTlBr6\OPTIC\REFLECTIVITY.dat,Cs2NaTlBr6\OPTIC\REFLECTIVITY.dat,0,Cs2NaTlBr6,OPTIC,REFLECTIVITY.dat
C:\Users\E1009134\OneDrive - ams OSRAM\Portfolio_ San\Cs2NaTlBr6-xClx\data\raw\HBD_Mixed_anions\Cs2NaTlBr6\OPTIC\REFRACTIVE.dat,Cs2NaTlBr6\OPTIC\REFRACTIVE.dat,0,Cs2NaTlBr6,OPTIC,REFRACTIVE.dat
C:\Users\E1009134\OneDrive - ams OSRAM\Portfolio_ San\Cs2NaTlBr6-xClx\data\raw\HBD_Mixed_anions\Cs2NaTlBr6\SR\OUTCAR,Cs2NaTlBr6\SR\OUTCAR,0,Cs2NaTlBr6,SR,OUTCAR
C:\Users\E1009134\OneDrive - ams OSRAM\Portfolio_ San\Cs2NaTlBr6-xClx\data\raw\HBD_Mixed_anions\Cs2NaTlBr6\STRUC\ENERGY_VOLUME_DFT.dat,Cs2NaTlBr6\STRUC\ENERGY_VOLUME_DFT.dat,0,Cs2NaTlBr6,STRUC,ENERGY_VOLUME_DFT.dat
C:\Users\E1009134\OneDrive - ams OSRAM\Portfolio_ San\Cs2NaTlBr6-xClx\data\raw\HBD_Mixed_anions\Cs2NaTlBr6\STRUC\PRESSURE_VOLUME_DFT.dat,Cs2NaTlBr6\STRUC\PRESSURE_VOLUME_DFT.dat,0,Cs2NaTlBr6,STRUC,PRESSURE_VOLUME_DFT.dat
C:\Users\E1009134\OneDrive - ams OSRAM\Portfolio_ San\Cs2NaTlBr6-xClx\data\raw\HBD_Mixed_anions\ClxBr6-x_Data33\Cl4Br2\Band\BAND.dat,ClxBr6-x_Data33\Cl4Br2\Band\BAND.dat,4,Cs2NaTlCl4Br2,BAND,BAND.dat
C:\Users\E1009134\OneDrive - ams OSRAM\Portfolio_ San\Cs2NaTlBr6-xClx\data\raw\HBD_Mixed_anions\ClxBr6-x_Data33\Cl4Br2\Band\BAND_GAP,ClxBr6-x_Data33\Cl4Br2\Band\BAND_GAP,4,Cs2NaTlCl4Br2,BAND,BAND_GAP
C:\Users\E1009134\OneDrive - ams OSRAM\Portfolio_ San\Cs2NaTlBr6-xClx\data\raw\HBD_Mixed_anions\ClxBr6-x_Data33\Cl4Br2\Band\HIGH_SYMMETRY_POINTS,ClxBr6-x_Data33\Cl4Br2\Band\HIGH_SYMMETRY_POINTS,4,Cs2NaTlCl4Br2,BAND,HIGH_SYMMETRY_POINTS
C:\Users\E1009134\OneDrive - ams OSRAM\Portfolio_ San\Cs2NaTlBr6-xClx\data\raw\HBD_Mixed_anions\ClxBr6-x_Data33\Cl4Br2\Band\KLABELS,ClxBr6-x_Data33\Cl4Br2\Band\KLABELS,4,Cs2NaTlCl4Br2,BAND,KLABELS
C:\Users\E1009134\OneDrive - ams OSRAM\Portfolio_ San\Cs2NaTlBr6-xClx\data\raw\HBD_Mixed_anions\ClxBr6-x_Data33\Cl4Br2\Band\KLINES.dat,ClxBr6-x_Data33\Cl4Br2\Band\KLINES.dat,4,Cs2NaTlCl4Br2,BAND,KLINES.dat
C:\Users\E1009134\OneDrive - ams OSRAM\Portfolio_ San\Cs2NaTlBr6-xClx\data\raw\HBD_Mixed_anions\ClxBr6-x_Data33\Cl4Br2\Band\KPATH.in,ClxBr6-x_Data33\Cl4Br2\Band\KPATH.in,4,Cs2NaTlCl4Br2,BAND,KPATH.in
C:\Users\E1009134\OneDrive - ams OSRAM\Portfolio_ San\Cs2NaTlBr6-xClx\data\raw\HBD_Mixed_anions\ClxBr6-x_Data33\Cl4Br2\Band\REFORMATTED_BAND.dat,ClxBr6-x_Data33\Cl4Br2\Band\REFORMATTED_BAND.dat,4,Cs2NaTlCl4Br2,BAND,REFORMATTED_BAND.dat
C:\Users\E1009134\OneDrive - ams OSRAM\Portfolio_ San\Cs2NaTlBr6-xClx\data\raw\HBD_Mixed_anions\ClxBr6-x_Data33\Cl4Br2\DOS\PDOS_USER1.dat,ClxBr6-x_Data33\Cl4Br2\DOS\PDOS_USER1.dat,4,Cs2NaTlCl4Br2,DOS,PDOS_USER1.dat
C:\Users\E1009134\OneDrive - ams OSRAM\Portfolio_ San\Cs2NaTlBr6-xClx\data\raw\HBD_Mixed_anions\ClxBr6-x_Data33\Cl4Br2\DOS\PDOS_USER2.dat,ClxBr6-x_Data33\Cl4Br2\DOS\PDOS_USER2.dat,4,Cs2NaTlCl4Br2,DOS,PDOS_USER2.dat
C:\Users\E1009134\OneDrive - ams OSRAM\Portfolio_ San\Cs2NaTlBr6-xClx\data\raw\HBD_Mixed_anions\ClxBr6-x_Data33\Cl4Br2\DOS\tdos.dat,ClxBr6-x_Data33\Cl4Br2\DOS\tdos.dat,4,Cs2NaTlCl4Br2,DOS,tdos.dat
C:\Users\E1009134\OneDrive - ams OSRAM\Portfolio_ San\Cs2NaTlBr6-xClx\data\raw\HBD_Mixed_anions\ClxBr6-x_Data33\Cl4Br2\Elastic\Elastic_Data,ClxBr6-x_Data33\Cl4Br2\Elastic\Elastic_Data,4,Cs2NaTlCl4Br2,ELASTIC,Elastic_Data
C:\Users\E1009134\OneDrive - ams OSRAM\Portfolio_ San\Cs2NaTlBr6-xClx\data\raw\HBD_Mixed_anions\ClxBr6-x_Data33\Cl4Br2\Optical\ABSORPTION.dat,ClxBr6-x_Data33\Cl4Br2\Optical\ABSORPTION.dat,4,Cs2NaTlCl4Br2,OPTICAL,ABSORPTION.dat
C:\Users\E1009134\OneDrive - ams OSRAM\Portfolio_ San\Cs2NaTlBr6-xClx\data\raw\HBD_Mixed_anions\ClxBr6-x_Data33\Cl4Br2\Optical\ENERGY_LOSSSPECTRUM.dat,ClxBr6-x_Data33\Cl4Br2\Optical\ENERGY_LOSSSPECTRUM.dat,4,Cs2NaTlCl4Br2,OPTICAL,ENERGY_LOSSSPECTRUM.dat
C:\Users\E1009134\OneDrive - ams OSRAM\Portfolio_ San\Cs2NaTlBr6-xClx\data\raw\HBD_Mixed_anions\ClxBr6-x_Data33\Cl4Br2\Optical\EXTINCTION.dat,ClxBr6-x_Data33\Cl4Br2\Optical\EXTINCTION.dat,4,Cs2NaTlCl4Br2,OPTICAL,EXTINCTION.dat
C:\Users\E1009134\OneDrive - ams OSRAM\Portfolio_ San\Cs2NaTlBr6-xClx\data\raw\HBD_Mixed_anions\ClxBr6-x_Data33\Cl4Br2\Optical\IMAG.in,ClxBr6-x_Data33\Cl4Br2\Optical\IMAG.in,4,Cs2NaTlCl4Br2,OPTICAL,IMAG.in
C:\Users\E1009134\OneDrive - ams OSRAM\Portfolio_ San\Cs2NaTlBr6-xClx\data\raw\HBD_Mixed_anions\ClxBr6-x_Data33\Cl4Br2\Optical\real.in,ClxBr6-x_Data33\Cl4Br2\Optical\real.in,4,Cs2NaTlCl4Br2,OPTICAL,real.in
C:\Users\E1009134\OneDrive - ams OSRAM\Portfolio_ San\Cs2NaTlBr6-xClx\data\raw\HBD_Mixed_anions\ClxBr6-x_Data33\Cl4Br2\Optical\REFLECTIVITY.dat,ClxBr6-x_Data33\Cl4Br2\Optical\REFLECTIVITY.dat,4,Cs2NaTlCl4Br2,OPTICAL,REFLECTIVITY.dat
C:\Users\E1009134\OneDrive - ams OSRAM\Portfolio_ San\Cs2NaTlBr6-xClx\data\raw\HBD_Mixed_anions\ClxBr6-x_Data33\Cl4Br2\Optical\REFRACTIVE.dat,ClxBr6-x_Data33\Cl4Br2\Optical\REFRACTIVE.dat,4,Cs2NaTlCl4Br2,OPTICAL,REFRACTIVE.dat
C:\Users\E1009134\OneDrive - ams OSRAM\Portfolio_ San\Cs2NaTlBr6-xClx\data\raw\HBD_Mixed_anions\ClxBr6-x_Data33\Cl2Br4\Band\BAND.dat,ClxBr6-x_Data33\Cl2Br4\Band\BAND.dat,2,Cs2NaTlCl2Br4,BAND,BAND.dat
C:\Users\E1009134\OneDrive - ams OSRAM\Portfolio_ San\Cs2NaTlBr6-xClx\data\raw\HBD_Mixed_anions\ClxBr6-x_Data33\Cl2Br4\Band\BAND_GAP,ClxBr6-x_Data33\Cl2Br4\Band\BAND_GAP,2,Cs2NaTlCl2Br4,BAND,BAND_GAP
C:\Users\E1009134\OneDrive - ams OSRAM\Portfolio_ San\Cs2NaTlBr6-xClx\data\raw\HBD_Mixed_anions\ClxBr6-x_Data33\Cl2Br4\Band\HIGH_SYMMETRY_POINTS,ClxBr6-x_Data33\Cl2Br4\Band\HIGH_SYMMETRY_POINTS,2,Cs2NaTlCl2Br4,BAND,HIGH_SYMMETRY_POINTS
C:\Users\E1009134\OneDrive - ams OSRAM\Portfolio_ San\Cs2NaTlBr6-xClx\data\raw\HBD_Mixed_anions\ClxBr6-x_Data33\Cl2Br4\Band\KLABELS,ClxBr6-x_Data33\Cl2Br4\Band\KLABELS,2,Cs2NaTlCl2Br4,BAND,KLABELS
C:\Users\E1009134\OneDrive - ams OSRAM\Portfolio_ San\Cs2NaTlBr6-xClx\data\raw\HBD_Mixed_anions\ClxBr6-x_Data33\Cl2Br4\Band\KLINES.dat,ClxBr6-x_Data33\Cl2Br4\Band\KLINES.dat,2,Cs2NaTlCl2Br4,BAND,KLINES.dat
C:\Users\E1009134\OneDrive - ams OSRAM\Portfolio_ San\Cs2NaTlBr6-xClx\data\raw\HBD_Mixed_anions\ClxBr6-x_Data33\Cl2Br4\Band\KPATH.in,ClxBr6-x_Data33\Cl2Br4\Band\KPATH.in,2,Cs2NaTlCl2Br4,BAND,KPATH.in
C:\Users\E1009134\OneDrive - ams OSRAM\Portfolio_ San\Cs2NaTlBr6-xClx\data\raw\HBD_Mixed_anions\ClxBr6-x_Data33\Cl2Br4\Band\REFORMATTED_BAND.dat,ClxBr6-x_Data33\Cl2Br4\Band\REFORMATTED_BAND.dat,2,Cs2NaTlCl2Br4,BAND,REFORMATTED_BAND.dat
C:\Users\E1009134\OneDrive - ams OSRAM\Portfolio_ San\Cs2NaTlBr6-xClx\data\raw\HBD_Mixed_anions\ClxBr6-x_Data33\Cl2Br4\DOS\PDOS_USER1.dat,ClxBr6-x_Data33\Cl2Br4\DOS\PDOS_USER1.dat,2,Cs2NaTlCl2Br4,DOS,PDOS_USER1.dat
C:\Users\E1009134\OneDrive - ams OSRAM\Portfolio_ San\Cs2NaTlBr6-xClx\data\raw\HBD_Mixed_anions\ClxBr6-x_Data33\Cl2Br4\DOS\PDOS_USER2.dat,ClxBr6-x_Data33\Cl2Br4\DOS\PDOS_USER2.dat,2,Cs2NaTlCl2Br4,DOS,PDOS_USER2.dat
C:\Users\E1009134\OneDrive - ams OSRAM\Portfolio_ San\Cs2NaTlBr6-xClx\data\raw\HBD_Mixed_anions\ClxBr6-x_Data33\Cl2Br4\DOS\tdos.dat,ClxBr6-x_Data33\Cl2Br4\DOS\tdos.dat,2,Cs2NaTlCl2Br4,DOS,tdos.dat
C:\Users\E1009134\OneDrive - ams OSRAM\Portfolio_ San\Cs2NaTlBr6-xClx\data\raw\HBD_Mixed_anions\ClxBr6-x_Data33\Cl2Br4\Elastic\Elastic_data,ClxBr6-x_Data33\Cl2Br4\Elastic\Elastic_data,2,Cs2NaTlCl2Br4,ELASTIC,Elastic_data
C:\Users\E1009134\OneDrive - ams OSRAM\Portfolio_ San\Cs2NaTlBr6-xClx\data\raw\HBD_Mixed_anions\ClxBr6-x_Data33\Cl2Br4\Optic\ABSORPTION.dat,ClxBr6-x_Data33\Cl2Br4\Optic\ABSORPTION.dat,2,Cs2NaTlCl2Br4,OPTIC,ABSORPTION.dat
C:\Users\E1009134\OneDrive - ams OSRAM\Portfolio_ San\Cs2NaTlBr6-xClx\data\raw\HBD_Mixed_anions\ClxBr6-x_Data33\Cl2Br4\Optic\ENERGY_LOSSSPECTRUM.dat,ClxBr6-x_Data33\Cl2Br4\Optic\ENERGY_LOSSSPECTRUM.dat,2,Cs2NaTlCl2Br4,OPTIC,ENERGY_LOSSSPECTRUM.dat
C:\Users\E1009134\OneDrive - ams OSRAM\Portfolio_ San\Cs2NaTlBr6-xClx\data\raw\HBD_Mixed_anions\ClxBr6-x_Data33\Cl2Br4\Optic\EXTINCTION.dat,ClxBr6-x_Data33\Cl2Br4\Optic\EXTINCTION.dat,2,Cs2NaTlCl2Br4,OPTIC,EXTINCTION.dat
C:\Users\E1009134\OneDrive - ams OSRAM\Portfolio_ San\Cs2NaTlBr6-xClx\data\raw\HBD_Mixed_anions\ClxBr6-x_Data33\Cl2Br4\Optic\IMAG.in,ClxBr6-x_Data33\Cl2Br4\Optic\IMAG.in,2,Cs2NaTlCl2Br4,OPTIC,IMAG.in
C:\Users\E1009134\OneDrive - ams OSRAM\Portfolio_ San\Cs2NaTlBr6-xClx\data\raw\HBD_Mixed_anions\ClxBr6-x_Data33\Cl2Br4\Optic\real.in,ClxBr6-x_Data33\Cl2Br4\Optic\real.in,2,Cs2NaTlCl2Br4,OPTIC,real.in
C:\Users\E1009134\OneDrive - ams OSRAM\Portfolio_ San\Cs2NaTlBr6-xClx\data\raw\HBD_Mixed_anions\ClxBr6-x_Data33\Cl2Br4\Optic\REFLECTIVITY.dat,ClxBr6-x_Data33\Cl2Br4\Optic\REFLECTIVITY.dat,2,Cs2NaTlCl2Br4,OPTIC,REFLECTIVITY.dat
C:\Users\E1009134\OneDrive - ams OSRAM\Portfolio_ San\Cs2NaTlBr6-xClx\data\raw\HBD_Mixed_anions\ClxBr6-x_Data33\Cl2Br4\Optic\REFRACTIVE.dat,ClxBr6-x_Data33\Cl2Br4\Optic\REFRACTIVE.dat,2,Cs2NaTlCl2Br4,OPTIC,REFRACTIVE.dat
C:\Users\E1009134\OneDrive - ams OSRAM\Portfolio_ San\Cs2NaTlBr6-xClx\data\raw\HBD_Mixed_anions\ClxBr6-x_Data33\Cl2Br4\STRUC\ENERGY_VOLUME_DFT.dat,ClxBr6-x_Data33\Cl2Br4\STRUC\ENERGY_VOLUME_DFT.dat,2,Cs2NaTlCl2Br4,STRUC,ENERGY_VOLUME_DFT.dat
C:\Users\E1009134\OneDrive - ams OSRAM\Portfolio_ San\Cs2NaTlBr6-xClx\data\raw\HBD_Mixed_anions\ClxBr6-x_Data33\Cl2Br4\STRUC\PRESSURE_VOLUME_DFT.dat,ClxBr6-x_Data33\Cl2Br4\STRUC\PRESSURE_VOLUME_DFT.dat,2,Cs2NaTlCl2Br4,STRUC,PRESSURE_VOLUME_DFT.dat
C:\Users\E1009134\OneDrive - ams OSRAM\Portfolio_ San\Cs2NaTlBr6-xClx\data\raw\HBD_Mixed_anions\ClxBr1-x_Part4\ClBr5\Band\BAND.dat,ClxBr1-x_Part4\ClBr5\Band\BAND.dat,1,Cs2NaTlClBr5,BAND,BAND.dat
C:\Users\E1009134\OneDrive - ams OSRAM\Portfolio_ San\Cs2NaTlBr6-xClx\data\raw\HBD_Mixed_anions\ClxBr1-x_Part4\ClBr5\Band\BAND_GAP,ClxBr1-x_Part4\ClBr5\Band\BAND_GAP,1,Cs2NaTlClBr5,BAND,BAND_GAP
C:\Users\E1009134\OneDrive - ams OSRAM\Portfolio_ San\Cs2NaTlBr6-xClx\data\raw\HBD_Mixed_anions\ClxBr1-x_Part4\ClBr5\Band\KLABELS,ClxBr1-x_Part4\ClBr5\Band\KLABELS,1,Cs2NaTlClBr5,BAND,KLABELS
C:\Users\E1009134\OneDrive - ams OSRAM\Portfolio_ San\Cs2NaTlBr6-xClx\data\raw\HBD_Mixed_anions\ClxBr1-x_Part4\ClBr5\Band\KLINES.dat,ClxBr1-x_Part4\ClBr5\Band\KLINES.dat,1,Cs2NaTlClBr5,BAND,KLINES.dat
C:\Users\E1009134\OneDrive - ams OSRAM\Portfolio_ San\Cs2NaTlBr6-xClx\data\raw\HBD_Mixed_anions\ClxBr1-x_Part4\ClBr5\Band\KPATH.in,ClxBr1-x_Part4\ClBr5\Band\KPATH.in,1,Cs2NaTlClBr5,BAND,KPATH.in
C:\Users\E1009134\OneDrive - ams OSRAM\Portfolio_ San\Cs2NaTlBr6-xClx\data\raw\HBD_Mixed_anions\ClxBr1-x_Part4\ClBr5\Band\REFORMATTED_BAND.dat,ClxBr1-x_Part4\ClBr5\Band\REFORMATTED_BAND.dat,1,Cs2NaTlClBr5,BAND,REFORMATTED_BAND.dat
C:\Users\E1009134\OneDrive - ams OSRAM\Portfolio_ San\Cs2NaTlBr6-xClx\data\raw\HBD_Mixed_anions\ClxBr1-x_Part4\ClBr5\DOS\PDOS_USER1.dat,ClxBr1-x_Part4\ClBr5\DOS\PDOS_USER1.dat,1,Cs2NaTlClBr5,DOS,PDOS_USER1.dat
C:\Users\E1009134\OneDrive - ams OSRAM\Portfolio_ San\Cs2NaTlBr6-xClx\data\raw\HBD_Mixed_anions\ClxBr1-x_Part4\ClBr5\DOS\PDOS_USER2.dat,ClxBr1-x_Part4\ClBr5\DOS\PDOS_USER2.dat,1,Cs2NaTlClBr5,DOS,PDOS_USER2.dat
C:\Users\E1009134\OneDrive - ams OSRAM\Portfolio_ San\Cs2NaTlBr6-xClx\data\raw\HBD_Mixed_anions\ClxBr1-x_Part4\ClBr5\DOS\tdos.dat,ClxBr1-x_Part4\ClBr5\DOS\tdos.dat,1,Cs2NaTlClBr5,DOS,tdos.dat
C:\Users\E1009134\OneDrive - ams OSRAM\Portfolio_ San\Cs2NaTlBr6-xClx\data\raw\HBD_Mixed_anions\ClxBr1-x_Part4\ClBr5\Elastic\Elastic_data,ClxBr1-x_Part4\ClBr5\Elastic\Elastic_data,1,Cs2NaTlClBr5,ELASTIC,Elastic_data
C:\Users\E1009134\OneDrive - ams OSRAM\Portfolio_ San\Cs2NaTlBr6-xClx\data\raw\HBD_Mixed_anions\ClxBr1-x_Part4\ClBr5\OPTIC\ABSORPTION.dat,ClxBr1-x_Part4\ClBr5\OPTIC\ABSORPTION.dat,1,Cs2NaTlClBr5,OPTIC,ABSORPTION.dat
C:\Users\E1009134\OneDrive - ams OSRAM\Portfolio_ San\Cs2NaTlBr6-xClx\data\raw\HBD_Mixed_anions\ClxBr1-x_Part4\ClBr5\OPTIC\ENERGY_LOSSSPECTRUM.dat,ClxBr1-x_Part4\ClBr5\OPTIC\ENERGY_LOSSSPECTRUM.dat,1,Cs2NaTlClBr5,OPTIC,ENERGY_LOSSSPECTRUM.dat
C:\Users\E1009134\OneDrive - ams OSRAM\Portfolio_ San\Cs2NaTlBr6-xClx\data\raw\HBD_Mixed_anions\ClxBr1-x_Part4\ClBr5\OPTIC\EXTINCTION.dat,ClxBr1-x_Part4\ClBr5\OPTIC\EXTINCTION.dat,1,Cs2NaTlClBr5,OPTIC,EXTINCTION.dat
C:\Users\E1009134\OneDrive - ams OSRAM\Portfolio_ San\Cs2NaTlBr6-xClx\data\raw\HBD_Mixed_anions\ClxBr1-x_Part4\ClBr5\OPTIC\IMAG.in,ClxBr1-x_Part4\ClBr5\OPTIC\IMAG.in,1,Cs2NaTlClBr5,OPTIC,IMAG.in
C:\Users\E1009134\OneDrive - ams OSRAM\Portfolio_ San\Cs2NaTlBr6-xClx\data\raw\HBD_Mixed_anions\ClxBr1-x_Part4\ClBr5\OPTIC\real.in,ClxBr1-x_Part4\ClBr5\OPTIC\real.in,1,Cs2NaTlClBr5,OPTIC,real.in
C:\Users\E1009134\OneDrive - ams OSRAM\Portfolio_ San\Cs2NaTlBr6-xClx\data\raw\HBD_Mixed_anions\ClxBr1-x_Part4\ClBr5\OPTIC\REFLECTIVITY.dat,ClxBr1-x_Part4\ClBr5\OPTIC\REFLECTIVITY.dat,1,Cs2NaTlClBr5,OPTIC,REFLECTIVITY.dat
C:\Users\E1009134\OneDrive - ams OSRAM\Portfolio_ San\Cs2NaTlBr6-xClx\data\raw\HBD_Mixed_anions\ClxBr1-x_Part4\ClBr5\OPTIC\REFRACTIVE.dat,ClxBr1-x_Part4\ClBr5\OPTIC\REFRACTIVE.dat,1,Cs2NaTlClBr5,OPTIC,REFRACTIVE.dat
C:\Users\E1009134\OneDrive - ams OSRAM\Portfolio_ San\Cs2NaTlBr6-xClx\data\raw\HBD_Mixed_anions\ClxBr1-x_Part4\ClBr5\STRUC\ENERGY_VOLUME_DFT.dat,ClxBr1-x_Part4\ClBr5\STRUC\ENERGY_VOLUME_DFT.dat,1,Cs2NaTlClBr5,STRUC,ENERGY_VOLUME_DFT.dat
C:\Users\E1009134\OneDrive - ams OSRAM\Portfolio_ San\Cs2NaTlBr6-xClx\data\raw\HBD_Mixed_anions\ClxBr1-x_Part4\ClBr5\STRUC\PRESSURE_VOLUME_DFT.dat,ClxBr1-x_Part4\ClBr5\STRUC\PRESSURE_VOLUME_DFT.dat,1,Cs2NaTlClBr5,STRUC,PRESSURE_VOLUME_DFT.dat
C:\Users\E1009134\OneDrive - ams OSRAM\Portfolio_ San\Cs2NaTlBr6-xClx\data\raw\HBD_Mixed_anions\ClxBr1-x_Part4\Cl5Br\Band\BAND.dat,ClxBr1-x_Part4\Cl5Br\Band\BAND.dat,5,Cs2NaTlCl5Br,BAND,BAND.dat
C:\Users\E1009134\OneDrive - ams OSRAM\Portfolio_ San\Cs2NaTlBr6-xClx\data\raw\HBD_Mixed_anions\ClxBr1-x_Part4\Cl5Br\Band\BAND_GAP,ClxBr1-x_Part4\Cl5Br\Band\BAND_GAP,5,Cs2NaTlCl5Br,BAND,BAND_GAP
C:\Users\E1009134\OneDrive - ams OSRAM\Portfolio_ San\Cs2NaTlBr6-xClx\data\raw\HBD_Mixed_anions\ClxBr1-x_Part4\Cl5Br\Band\KLABELS,ClxBr1-x_Part4\Cl5Br\Band\KLABELS,5,Cs2NaTlCl5Br,BAND,KLABELS
C:\Users\E1009134\OneDrive - ams OSRAM\Portfolio_ San\Cs2NaTlBr6-xClx\data\raw\HBD_Mixed_anions\ClxBr1-x_Part4\Cl5Br\Band\KLINES.dat,ClxBr1-x_Part4\Cl5Br\Band\KLINES.dat,5,Cs2NaTlCl5Br,BAND,KLINES.dat
C:\Users\E1009134\OneDrive - ams OSRAM\Portfolio_ San\Cs2NaTlBr6-xClx\data\raw\HBD_Mixed_anions\ClxBr1-x_Part4\Cl5Br\Band\KPATH.in,ClxBr1-x_Part4\Cl5Br\Band\KPATH.in,5,Cs2NaTlCl5Br,BAND,KPATH.in
C:\Users\E1009134\OneDrive - ams OSRAM\Portfolio_ San\Cs2NaTlBr6-xClx\data\raw\HBD_Mixed_anions\ClxBr1-x_Part4\Cl5Br\Band\REFORMATTED_BAND.dat,ClxBr1-x_Part4\Cl5Br\Band\REFORMATTED_BAND.dat,5,Cs2NaTlCl5Br,BAND,REFORMATTED_BAND.dat
C:\Users\E1009134\OneDrive - ams OSRAM\Portfolio_ San\Cs2NaTlBr6-xClx\data\raw\HBD_Mixed_anions\ClxBr1-x_Part4\Cl5Br\DOS\PDOS_USER1.dat,ClxBr1-x_Part4\Cl5Br\DOS\PDOS_USER1.dat,5,Cs2NaTlCl5Br,DOS,PDOS_USER1.dat
C:\Users\E1009134\OneDrive - ams OSRAM\Portfolio_ San\Cs2NaTlBr6-xClx\data\raw\HBD_Mixed_anions\ClxBr1-x_Part4\Cl5Br\DOS\PDOS_USER2.dat,ClxBr1-x_Part4\Cl5Br\DOS\PDOS_USER2.dat,5,Cs2NaTlCl5Br,DOS,PDOS_USER2.dat
C:\Users\E1009134\OneDrive - ams OSRAM\Portfolio_ San\Cs2NaTlBr6-xClx\data\raw\HBD_Mixed_anions\ClxBr1-x_Part4\Cl5Br\DOS\tdos.dat,ClxBr1-x_Part4\Cl5Br\DOS\tdos.dat,5,Cs2NaTlCl5Br,DOS,tdos.dat
C:\Users\E1009134\OneDrive - ams OSRAM\Portfolio_ San\Cs2NaTlBr6-xClx\data\raw\HBD_Mixed_anions\ClxBr1-x_Part4\Cl5Br\Elastic\Elastic Data,ClxBr1-x_Part4\Cl5Br\Elastic\Elastic Data,5,Cs2NaTlCl5Br,ELASTIC,Elastic Data
C:\Users\E1009134\OneDrive - ams OSRAM\Portfolio_ San\Cs2NaTlBr6-xClx\data\raw\HBD_Mixed_anions\ClxBr1-x_Part4\Cl5Br\OPTIC\ABSORPTION.dat,ClxBr1-x_Part4\Cl5Br\OPTIC\ABSORPTION.dat,5,Cs2NaTlCl5Br,OPTIC,ABSORPTION.dat
C:\Users\E1009134\OneDrive - ams OSRAM\Portfolio_ San\Cs2NaTlBr6-xClx\data\raw\HBD_Mixed_anions\ClxBr1-x_Part4\Cl5Br\OPTIC\ENERGY_LOSSSPECTRUM.dat,ClxBr1-x_Part4\Cl5Br\OPTIC\ENERGY_LOSSSPECTRUM.dat,5,Cs2NaTlCl5Br,OPTIC,ENERGY_LOSSSPECTRUM.dat
C:\Users\E1009134\OneDrive - ams OSRAM\Portfolio_ San\Cs2NaTlBr6-xClx\data\raw\HBD_Mixed_anions\ClxBr1-x_Part4\Cl5Br\OPTIC\EXTINCTION.dat,ClxBr1-x_Part4\Cl5Br\OPTIC\EXTINCTION.dat,5,Cs2NaTlCl5Br,OPTIC,EXTINCTION.dat
C:\Users\E1009134\OneDrive - ams OSRAM\Portfolio_ San\Cs2NaTlBr6-xClx\data\raw\HBD_Mixed_anions\ClxBr1-x_Part4\Cl5Br\OPTIC\IMAG.in,ClxBr1-x_Part4\Cl5Br\OPTIC\IMAG.in,5,Cs2NaTlCl5Br,OPTIC,IMAG.in
C:\Users\E1009134\OneDrive - ams OSRAM\Portfolio_ San\Cs2NaTlBr6-xClx\data\raw\HBD_Mixed_anions\ClxBr1-x_Part4\Cl5Br\OPTIC\real.in,ClxBr1-x_Part4\Cl5Br\OPTIC\real.in,5,Cs2NaTlCl5Br,OPTIC,real.in
C:\Users\E1009134\OneDrive - ams OSRAM\Portfolio_ San\Cs2NaTlBr6-xClx\data\raw\HBD_Mixed_anions\ClxBr1-x_Part4\Cl5Br\OPTIC\REFLECTIVITY.dat,ClxBr1-x_Part4\Cl5Br\OPTIC\REFLECTIVITY.dat,5,Cs2NaTlCl5Br,OPTIC,REFLECTIVITY.dat
C:\Users\E1009134\OneDrive - ams OSRAM\Portfolio_ San\Cs2NaTlBr6-xClx\data\raw\HBD_Mixed_anions\ClxBr1-x_Part4\Cl5Br\OPTIC\REFRACTIVE.dat,ClxBr1-x_Part4\Cl5Br\OPTIC\REFRACTIVE.dat,5,Cs2NaTlCl5Br,OPTIC,REFRACTIVE.dat
C:\Users\E1009134\OneDrive - ams OSRAM\Portfolio_ San\Cs2NaTlBr6-xClx\data\raw\HBD_Mixed_anions\ClxBr1-x_Part4\Cl5Br\STRUC\ENERGY_VOLUME_DFT.dat,ClxBr1-x_Part4\Cl5Br\STRUC\ENERGY_VOLUME_DFT.dat,5,Cs2NaTlCl5Br,STRUC,ENERGY_VOLUME_DFT.dat
C:\Users\E1009134\OneDrive - ams OSRAM\Portfolio_ San\Cs2NaTlBr6-xClx\data\raw\HBD_Mixed_anions\ClxBr1-x_Part4\Cl5Br\STRUC\PRESSURE_VOLUME_DFT.dat,ClxBr1-x_Part4\Cl5Br\STRUC\PRESSURE_VOLUME_DFT.dat,5,Cs2NaTlCl5Br,STRUC,PRESSURE_VOLUME_DFT.dat
C:\Users\E1009134\OneDrive - ams OSRAM\Portfolio_ San\Cs2NaTlBr6-xClx\data\raw\HBD_Mixed_anions\ClxBr1-x_Part4\Cl3Br3\Band\BAND.dat,ClxBr1-x_Part4\Cl3Br3\Band\BAND.dat,3,Cs2NaTlCl3Br3,BAND,BAND.dat
C:\Users\E1009134\OneDrive - ams OSRAM\Portfolio_ San\Cs2NaTlBr6-xClx\data\raw\HBD_Mixed_anions\ClxBr1-x_Part4\Cl3Br3\Band\BAND_GAP,ClxBr1-x_Part4\Cl3Br3\Band\BAND_GAP,3,Cs2NaTlCl3Br3,BAND,BAND_GAP
C:\Users\E1009134\OneDrive - ams OSRAM\Portfolio_ San\Cs2NaTlBr6-xClx\data\raw\HBD_Mixed_anions\ClxBr1-x_Part4\Cl3Br3\Band\HIGH_SYMMETRY_POINTS,ClxBr1-x_Part4\Cl3Br3\Band\HIGH_SYMMETRY_POINTS,3,Cs2NaTlCl3Br3,BAND,HIGH_SYMMETRY_POINTS
C:\Users\E1009134\OneDrive - ams OSRAM\Portfolio_ San\Cs2NaTlBr6-xClx\data\raw\HBD_Mixed_anions\ClxBr1-x_Part4\Cl3Br3\Band\KLABELS,ClxBr1-x_Part4\Cl3Br3\Band\KLABELS,3,Cs2NaTlCl3Br3,BAND,KLABELS
C:\Users\E1009134\OneDrive - ams OSRAM\Portfolio_ San\Cs2NaTlBr6-xClx\data\raw\HBD_Mixed_anions\ClxBr1-x_Part4\Cl3Br3\Band\KLINES.dat,ClxBr1-x_Part4\Cl3Br3\Band\KLINES.dat,3,Cs2NaTlCl3Br3,BAND,KLINES.dat
C:\Users\E1009134\OneDrive - ams OSRAM\Portfolio_ San\Cs2NaTlBr6-xClx\data\raw\HBD_Mixed_anions\ClxBr1-x_Part4\Cl3Br3\Band\KPATH.in,ClxBr1-x_Part4\Cl3Br3\Band\KPATH.in,3,Cs2NaTlCl3Br3,BAND,KPATH.in
C:\Users\E1009134\OneDrive - ams OSRAM\Portfolio_ San\Cs2NaTlBr6-xClx\data\raw\HBD_Mixed_anions\ClxBr1-x_Part4\Cl3Br3\Band\REFORMATTED_BAND.dat,ClxBr1-x_Part4\Cl3Br3\Band\REFORMATTED_BAND.dat,3,Cs2NaTlCl3Br3,BAND,REFORMATTED_BAND.dat
C:\Users\E1009134\OneDrive - ams OSRAM\Portfolio_ San\Cs2NaTlBr6-xClx\data\raw\HBD_Mixed_anions\ClxBr1-x_Part4\Cl3Br3\DOS\PDOS_USER1.dat,ClxBr1-x_Part4\Cl3Br3\DOS\PDOS_USER1.dat,3,Cs2NaTlCl3Br3,DOS,PDOS_USER1.dat
C:\Users\E1009134\OneDrive - ams OSRAM\Portfolio_ San\Cs2NaTlBr6-xClx\data\raw\HBD_Mixed_anions\ClxBr1-x_Part4\Cl3Br3\DOS\PDOS_USER2.dat,ClxBr1-x_Part4\Cl3Br3\DOS\PDOS_USER2.dat,3,Cs2NaTlCl3Br3,DOS,PDOS_USER2.dat
C:\Users\E1009134\OneDrive - ams OSRAM\Portfolio_ San\Cs2NaTlBr6-xClx\data\raw\HBD_Mixed_anions\ClxBr1-x_Part4\Cl3Br3\DOS\tdos.dat,ClxBr1-x_Part4\Cl3Br3\DOS\tdos.dat,3,Cs2NaTlCl3Br3,DOS,tdos.dat
C:\Users\E1009134\OneDrive - ams OSRAM\Portfolio_ San\Cs2NaTlBr6-xClx\data\raw\HBD_Mixed_anions\ClxBr1-x_Part4\Cl3Br3\Elastic\Elastic_Data,ClxBr1-x_Part4\Cl3Br3\Elastic\Elastic_Data,3,Cs2NaTlCl3Br3,ELASTIC,Elastic_Data
C:\Users\E1009134\OneDrive - ams OSRAM\Portfolio_ San\Cs2NaTlBr6-xClx\data\raw\HBD_Mixed_anions\ClxBr1-x_Part4\Cl3Br3\Optic\ABSORPTION.dat,ClxBr1-x_Part4\Cl3Br3\Optic\ABSORPTION.dat,3,Cs2NaTlCl3Br3,OPTIC,ABSORPTION.dat
C:\Users\E1009134\OneDrive - ams OSRAM\Portfolio_ San\Cs2NaTlBr6-xClx\data\raw\HBD_Mixed_anions\ClxBr1-x_Part4\Cl3Br3\Optic\ENERGY_LOSSSPECTRUM.dat,ClxBr1-x_Part4\Cl3Br3\Optic\ENERGY_LOSSSPECTRUM.dat,3,Cs2NaTlCl3Br3,OPTIC,ENERGY_LOSSSPECTRUM.dat
C:\Users\E1009134\OneDrive - ams OSRAM\Portfolio_ San\Cs2NaTlBr6-xClx\data\raw\HBD_Mixed_anions\ClxBr1-x_Part4\Cl3Br3\Optic\EXTINCTION.dat,ClxBr1-x_Part4\Cl3Br3\Optic\EXTINCTION.dat,3,Cs2NaTlCl3Br3,OPTIC,EXTINCTION.dat
C:\Users\E1009134\OneDrive - ams OSRAM\Portfolio_ San\Cs2NaTlBr6-xClx\data\raw\HBD_Mixed_anions\ClxBr1-x_Part4\Cl3Br3\Optic\IMAG.in,ClxBr1-x_Part4\Cl3Br3\Optic\IMAG.in,3,Cs2NaTlCl3Br3,OPTIC,IMAG.in
C:\Users\E1009134\OneDrive - ams OSRAM\Portfolio_ San\Cs2NaTlBr6-xClx\data\raw\HBD_Mixed_anions\ClxBr1-x_Part4\Cl3Br3\Optic\real.in,ClxBr1-x_Part4\Cl3Br3\Optic\real.in,3,Cs2NaTlCl3Br3,OPTIC,real.in
C:\Users\E1009134\OneDrive - ams OSRAM\Portfolio_ San\Cs2NaTlBr6-xClx\data\raw\HBD_Mixed_anions\ClxBr1-x_Part4\Cl3Br3\Optic\REFLECTIVITY.dat,ClxBr1-x_Part4\Cl3Br3\Optic\REFLECTIVITY.dat,3,Cs2NaTlCl3Br3,OPTIC,REFLECTIVITY.dat
C:\Users\E1009134\OneDrive - ams OSRAM\Portfolio_ San\Cs2NaTlBr6-xClx\data\raw\HBD_Mixed_anions\ClxBr1-x_Part4\Cl3Br3\Optic\REFRACTIVE.dat,ClxBr1-x_Part4\Cl3Br3\Optic\REFRACTIVE.dat,3,Cs2NaTlCl3Br3,OPTIC,REFRACTIVE.dat
C:\Users\E1009134\OneDrive - ams OSRAM\Portfolio_ San\Cs2NaTlBr6-xClx\data\raw\HBD_Mixed_anions\ClxBr1-x_Part4\Cl3Br3\STRUC\ENERGY_VOLUME_DFT.dat,ClxBr1-x_Part4\Cl3Br3\STRUC\ENERGY_VOLUME_DFT.dat,3,Cs2NaTlCl3Br3,STRUC,ENERGY_VOLUME_DFT.dat
C:\Users\E1009134\OneDrive - ams OSRAM\Portfolio_ San\Cs2NaTlBr6-xClx\data\raw\HBD_Mixed_anions\ClxBr1-x_Part4\Cl3Br3\STRUC\PRESSURE_VOLUME_DFT.dat,ClxBr1-x_Part4\Cl3Br3\STRUC\PRESSURE_VOLUME_DFT.dat,3,Cs2NaTlCl3Br3,STRUC,PRESSURE_VOLUME_DFT.dat
